City_ID,City,Country,Lat,Lng,Max Temp,Humidity,Cloudiness,Wind Speed,Current Description
0,Macia,MZ,-25.0269,33.0989,69.37,57,0,9.01,clear sky
1,Bubaque,GW,11.2833,-15.8333,78.94,84,100,18.86,moderate rain
2,Mataura,NZ,-46.1927,168.8643,47.48,99,100,1.01,overcast clouds
3,Upernavik,GL,72.7868,-56.1549,41.81,80,100,9.95,overcast clouds
4,Jamestown,US,42.097,-79.2353,68.18,71,0,4.0,clear sky
5,Khatanga,RU,71.9667,102.5,71.96,36,8,12.35,clear sky
6,Chokurdakh,RU,70.6333,147.9167,37.63,83,100,20.09,overcast clouds
7,Hithadhoo,MV,-0.6,73.0833,81.7,73,86,4.74,overcast clouds
8,Hermanus,ZA,-34.4187,19.2345,67.89,79,100,2.1,overcast clouds
9,Punta Arenas,CL,-53.15,-70.9167,41.11,65,100,18.01,overcast clouds
10,Fortuna,US,40.5982,-124.1573,53.65,92,90,0.0,overcast clouds
11,Ushuaia,AR,-54.8,-68.3,39.51,78,76,4.25,broken clouds
12,Dikson,RU,73.5069,80.5464,45.97,97,100,14.29,light rain
13,Albany,US,42.6001,-73.9662,67.59,54,18,1.01,few clouds
14,College,US,64.8569,-147.8028,56.89,87,100,1.01,overcast clouds
15,Gornoye Loo,RU,43.7129,39.6049,82.18,80,0,4.79,clear sky
16,San Patricio,US,28.017,-97.5169,88.88,58,20,7.34,few clouds
17,Busselton,AU,-33.65,115.3333,52.09,80,84,29.01,light rain
18,Pangody,RU,65.85,74.4859,56.28,64,83,9.08,broken clouds
19,Bengkulu,ID,-3.8004,102.2655,77.49,88,54,5.79,broken clouds
20,Jasper,US,37.2001,-94.3502,87.82,66,43,3.0,scattered clouds
21,Kapaa,US,22.0752,-159.319,77.11,74,68,1.99,broken clouds
22,Koslan,RU,63.4564,48.8989,57.54,97,99,2.42,overcast clouds
23,Saskylakh,RU,71.9167,114.0833,70.27,40,0,8.81,clear sky
24,Cape Town,ZA,-33.9258,18.4232,70.11,59,73,1.99,broken clouds
25,Kruisfontein,ZA,-34.0033,24.7314,68.88,50,100,4.61,overcast clouds
26,Qaanaaq,GL,77.484,-69.3632,42.06,85,70,3.06,broken clouds
27,Rikitea,PF,-23.1203,-134.9692,70.79,70,21,13.27,few clouds
28,Georgetown,MY,5.4112,100.3354,82.33,84,20,0.0,few clouds
29,Gizo,SB,-8.103,156.8419,80.89,78,53,18.23,light rain
30,Mangrol,IN,21.1167,70.1167,81.82,83,100,22.57,overcast clouds
31,Bluff,NZ,-46.6,168.3333,47.8,95,100,1.9,light rain
32,Tasiilaq,GL,65.6145,-37.6368,51.96,75,99,2.15,overcast clouds
33,Hobart,AU,-42.8794,147.3294,51.26,72,75,1.01,broken clouds
34,Vaini,TO,-21.2,-175.2,73.76,79,99,21.14,overcast clouds
35,Batticaloa,LK,7.7102,81.6924,83.55,74,78,3.56,broken clouds
36,High Prairie,CA,55.4334,-116.4858,69.42,55,0,4.92,clear sky
37,Suzun,RU,53.7841,82.3116,68.31,39,100,1.92,overcast clouds
38,Honiara,SB,-9.4333,159.95,76.15,89,96,4.97,overcast clouds
39,Muros,ES,42.7762,-9.0603,71.17,54,69,16.98,broken clouds
40,Puerto Madryn,AR,-42.7692,-65.0385,46.38,40,0,6.78,clear sky
41,Nanortalik,GL,60.1432,-45.2371,47.48,81,74,10.0,broken clouds
42,Sao Felix Do Xingu,BR,-6.6447,-51.995,93.63,22,40,4.99,scattered clouds
43,Cotmeana,RO,44.9667,24.6167,78.82,47,46,11.16,scattered clouds
44,Palmer,US,42.1584,-72.3287,70.03,54,7,1.99,clear sky
45,Hervey Bay,AU,-25.2986,152.8535,63.01,87,0,9.44,clear sky
46,Cap Malheureux,MU,-19.9842,57.6142,70.47,70,2,1.99,clear sky
47,Lifford,IE,54.8319,-7.4836,60.75,72,100,10.98,overcast clouds
48,Neenah,US,44.1858,-88.4626,73.63,84,40,11.5,haze
49,Atuona,PF,-9.8,-139.0333,76.26,74,22,11.88,few clouds
50,Puerto Ayora,EC,-0.7393,-90.3518,71.55,92,97,8.01,light rain
51,Souillac,MU,-20.5167,57.5167,70.36,71,2,18.43,clear sky
52,Santa Rosa,PH,14.3122,121.1114,83.91,84,100,12.86,light rain
53,Cayenne,GF,4.9333,-52.3333,89.64,77,40,1.99,scattered clouds
54,Jiwani,PK,25.05,61.7417,81.79,86,43,13.78,scattered clouds
55,Mar Del Plata,AR,-38.0023,-57.5575,52.88,61,0,1.99,clear sky
56,Kalulushi,ZM,-12.8378,28.0919,75.58,27,2,7.29,clear sky
57,Nara,JP,34.6851,135.8049,81.68,94,29,1.01,scattered clouds
58,Saint-Philippe,RE,-21.3585,55.7679,71.19,75,48,16.64,scattered clouds
59,Codrington,AU,-38.2667,141.9667,45.86,90,100,8.43,overcast clouds
60,Amahai,ID,-3.3333,128.9167,78.15,89,51,3.02,broken clouds
61,Waddan,LY,29.1614,16.139,104.4,8,0,12.95,clear sky
62,Snasa,NO,64.2457,12.3778,59.47,66,91,9.35,overcast clouds
63,Tiznit,MA,29.5833,-9.5,95.16,24,14,11.12,few clouds
64,San Andres,CO,12.5847,-81.7006,86.02,74,20,11.5,few clouds
65,Saurimo,AO,-9.6608,20.3916,87.19,13,4,8.28,clear sky
66,Gunjur,GM,13.2019,-16.7339,82.47,83,75,11.5,broken clouds
67,Puri,IN,19.8,85.85,87.39,80,100,8.68,overcast clouds
68,Roma,US,43.2128,-75.4557,67.89,61,1,4.61,clear sky
69,Westport,US,41.1415,-73.3579,74.08,58,22,1.01,few clouds
70,Anori,BR,-3.7728,-61.6442,88.45,35,54,3.22,broken clouds
71,Aklavik,CA,68.2191,-135.0107,66.27,56,68,4.61,broken clouds
72,Esperance,AU,-33.8667,121.9,50.36,70,6,22.48,clear sky
73,Sao Filipe,CV,14.8961,-24.4956,76.55,84,60,10.54,broken clouds
74,New Norfolk,AU,-42.7826,147.0587,50.92,74,100,3.0,overcast clouds
75,Havre-Saint-Pierre,CA,50.2334,-63.5986,55.76,100,90,10.36,mist
76,Nome,US,64.5011,-165.4064,51.87,87,90,23.02,light rain
77,Butaritari,KI,3.0707,172.7902,80.06,76,50,1.54,scattered clouds
78,Bethel,US,41.3712,-73.414,71.85,62,15,4.76,few clouds
79,Faanui,PF,-16.4833,-151.75,76.91,71,75,19.19,broken clouds
80,Bathsheba,BB,13.2167,-59.5167,84.72,72,0,17.09,clear sky
81,Egvekinot,RU,66.3167,-179.1667,31.37,78,99,8.95,overcast clouds
82,Nouadhibou,MR,20.931,-17.0347,69.71,91,9,24.96,clear sky
83,Kurilsk,RU,45.2333,147.8833,63.5,95,11,2.39,few clouds
84,Ixtapa,MX,20.7,-105.2,76.23,99,100,4.88,light rain
85,Port Alfred,ZA,-33.5906,26.891,68.09,55,67,5.7,broken clouds
86,Nabire,ID,-3.3667,135.4833,76.44,91,100,4.05,overcast clouds
87,Port Elizabeth,ZA,-33.918,25.5701,71.1,52,37,3.0,scattered clouds
88,Mehamn,NO,71.0357,27.8492,51.58,78,100,9.4,overcast clouds
89,Provideniya,RU,64.3833,-173.3,45.45,91,100,9.46,light rain
90,Cloquet,US,46.7216,-92.4594,73.67,74,1,10.36,haze
91,Clyde River,CA,70.4692,-68.5914,39.97,83,100,3.33,overcast clouds
92,Mina,MX,26.0011,-100.5299,83.1,60,25,5.23,scattered clouds
93,Comodoro Rivadavia,AR,-45.8667,-67.5,44.46,42,0,11.5,clear sky
94,Qiongshan,CN,20.0058,110.3542,83.28,83,100,3.02,light rain
95,Tiksi,RU,71.6872,128.8694,41.5,83,40,5.06,scattered clouds
96,Cidreira,BR,-30.1811,-50.2056,58.48,65,0,15.17,clear sky
97,Sawakin,SD,19.1059,37.3321,100.51,38,53,24.45,broken clouds
98,Gubkinskiy,RU,64.434,76.5026,59.04,64,90,4.21,overcast clouds
99,East London,ZA,-33.0153,27.9116,69.87,49,63,8.01,broken clouds
100,Chuy,UY,-33.6971,-53.4616,54.54,60,0,6.91,clear sky
101,Avarua,CK,-21.2078,-159.775,73.45,73,75,16.11,broken clouds
102,Yebaishou,CN,41.3975,119.6408,70.41,86,38,4.97,scattered clouds
103,Matam,SN,15.6175,-13.3303,92.53,44,30,10.54,scattered clouds
104,Norman Wells,CA,65.282,-126.8329,69.35,60,8,5.19,clear sky
105,Hilo,US,19.7297,-155.09,73.62,87,48,5.77,light rain
106,Jiexiu,CN,37.0244,111.9125,82.38,29,22,4.47,few clouds
107,Gohad,IN,26.4261,78.4447,86.77,73,68,6.93,heavy intensity rain
108,Tura,IN,25.5198,90.2201,74.37,97,100,5.1,overcast clouds
109,Ust-Tsilma,RU,65.441,52.1498,56.03,98,100,7.34,overcast clouds
110,Nikolskoye,RU,59.7035,30.7861,71.49,45,8,10.83,clear sky
111,Isangel,VU,-19.55,169.2667,68.88,59,5,14.85,clear sky
112,Ondjiva,AO,-17.0667,15.7333,81.66,14,28,10.76,scattered clouds
113,Quesnel,CA,52.9999,-122.5029,66.34,59,6,0.96,clear sky
114,Guerrero Negro,MX,27.9769,-114.0611,73.42,72,53,4.7,broken clouds
115,Tari,NG,12.4086,4.4914,90.03,49,92,8.72,overcast clouds
116,Olafsvik,IS,64.8945,-23.7142,56.35,87,78,5.1,broken clouds
117,Port Blair,IN,11.6667,92.75,81.61,83,100,17.45,overcast clouds
118,Ponta Delgada,PT,37.7333,-25.6667,77.72,65,20,12.66,few clouds
119,Wanning,CN,18.8003,110.3967,83.32,81,100,11.01,overcast clouds
120,Tokoroa,NZ,-38.2333,175.8667,45.12,87,76,1.99,broken clouds
121,Okhotsk,RU,59.3833,143.3,52.77,81,5,4.41,clear sky
122,Kushima,JP,31.4583,131.2333,81.12,91,100,4.09,overcast clouds
123,Torbay,CA,47.6666,-52.7314,68.88,96,100,15.66,light rain
124,Ilulissat,GL,69.2167,-51.1,55.42,50,1,4.61,clear sky
125,Abu Samrah,SY,35.3029,37.1841,97.75,21,0,17.49,clear sky
126,Puerto Del Rosario,ES,28.5004,-13.8627,82.08,69,20,23.02,few clouds
127,Mahebourg,MU,-20.4081,57.7,70.25,66,4,18.41,clear sky
128,Lagoa Vermelha,BR,-28.2086,-51.5258,55.22,47,0,7.2,clear sky
129,Kencong,ID,-8.2833,113.3667,76.41,84,97,3.56,overcast clouds
130,Hasaki,JP,35.7333,140.8333,75.6,92,100,12.35,overcast clouds
131,Dudinka,RU,69.4058,86.1778,54.3,85,91,12.8,overcast clouds
132,Antofagasta,CL,-23.65,-70.4,65.21,68,20,5.61,few clouds
133,Lebu,CL,-37.6167,-73.65,48.47,66,84,12.17,broken clouds
134,Cabo San Lucas,MX,22.8909,-109.9124,88.52,66,70,1.99,broken clouds
135,Riorges,FR,46.0418,4.0497,67.98,50,100,11.3,overcast clouds
136,Kuldiga,LV,56.974,21.9572,69.49,51,44,9.55,scattered clouds
137,Denpasar,ID,-8.65,115.2167,78.46,89,20,11.5,few clouds
138,Rognan,NO,67.0953,15.3878,54.75,86,100,6.62,overcast clouds
139,Arraial Do Cabo,BR,-22.9661,-42.0278,60.66,94,75,2.3,light intensity drizzle
140,Geraldton,AU,-28.7667,114.6,60.13,55,90,13.8,overcast clouds
141,Imbituba,BR,-28.24,-48.6703,61.0,61,28,8.34,scattered clouds
142,Bambous Virieux,MU,-20.3428,57.7575,70.21,65,5,18.12,clear sky
143,Castlemaine,AU,-37.0667,144.2167,50.04,96,100,2.21,light rain
144,Lasa,IT,46.6166,10.7002,80.51,70,63,5.12,light rain
145,Kirakira,SB,-10.4544,161.9205,75.31,82,89,7.54,overcast clouds
146,Zhuhai,CN,22.2769,113.5678,87.06,89,20,8.05,few clouds
147,Grindavik,IS,63.8424,-22.4338,55.87,82,75,13.8,broken clouds
148,Carnarvon,AU,-24.8667,113.6333,62.49,59,70,11.34,broken clouds
149,Kodiak,US,57.79,-152.4072,53.11,82,90,5.75,overcast clouds
150,Xining,CN,36.6167,101.7667,60.39,71,77,5.08,broken clouds
151,Asau,RO,46.4333,26.4,89.76,52,30,3.44,scattered clouds
152,Mendi,PG,-6.1761,143.6513,53.67,98,100,3.76,overcast clouds
153,Indramayu,ID,-6.3264,108.32,80.31,76,20,9.17,few clouds
154,Ivdel,RU,60.6911,60.4206,66.09,75,83,6.17,broken clouds
155,Oranjemund,NA,-28.55,16.4333,81.55,18,0,9.33,clear sky
156,Hofn,IS,64.2539,-15.2082,48.54,83,36,8.08,scattered clouds
157,Vila Franca Do Campo,PT,37.7167,-25.4333,77.41,71,68,5.59,broken clouds
158,Linxia,CN,35.6003,103.2064,68.76,36,0,5.88,clear sky
159,Jiaojiang,CN,28.6803,121.4428,79.0,96,100,2.82,heavy intensity rain
160,Lazaro Cardenas,MX,17.9583,-102.2,80.71,75,42,6.96,scattered clouds
161,Rio Grande,BR,-32.035,-52.0986,54.95,75,6,11.3,clear sky
162,Hopelchen,MX,19.7667,-89.85,86.47,59,85,5.21,overcast clouds
163,Shakawe,BW,-18.3667,21.85,77.02,18,10,10.94,clear sky
164,Colac,AU,-38.3333,143.5833,46.15,96,100,5.53,overcast clouds
165,Aksarka,RU,66.5606,67.7975,56.16,66,80,7.83,broken clouds
166,Mastic Beach,US,40.7668,-72.8521,74.1,57,40,1.99,scattered clouds
167,Narsaq,GL,60.9167,-46.05,62.82,62,93,2.33,overcast clouds
168,Viransehir,TR,37.2353,39.7631,103.57,11,82,9.84,broken clouds
169,Sydney,AU,-33.8679,151.2073,64.36,61,0,5.01,clear sky
170,Merauke,ID,-8.4667,140.3333,75.69,91,97,10.09,overcast clouds
171,Bambari,CF,5.768,20.6757,86.25,56,61,5.32,broken clouds
172,Shitanjing,CN,39.2342,106.3439,75.94,27,0,13.13,clear sky
173,San Quintin,MX,30.4833,-115.95,72.05,77,0,7.56,clear sky
174,Qui Nhon,VN,13.7667,109.2333,85.51,66,71,14.14,broken clouds
175,Bredasdorp,ZA,-34.5322,20.0403,60.28,80,93,4.65,overcast clouds
176,Taoudenni,ML,22.6783,-3.9836,113.58,9,4,5.86,clear sky
177,Karachi,PK,24.9056,67.0822,84.02,74,75,21.85,haze
178,Paita,PE,-5.0892,-81.1144,68.56,71,6,10.02,clear sky
179,Kahului,US,20.8947,-156.47,73.98,92,4,11.36,clear sky
180,Dingle,PH,10.9995,122.6711,79.14,86,72,7.45,broken clouds
181,Cosala,MX,24.4125,-106.6908,77.11,60,37,2.62,scattered clouds
182,Maragogi,BR,-9.0122,-35.2225,79.57,71,6,15.23,clear sky
183,Labuhan,ID,-6.8844,112.2051,77.81,77,37,6.4,scattered clouds
184,Ancud,CL,-41.8697,-73.8203,44.11,70,39,5.12,scattered clouds
185,Vardo,NO,70.3705,31.1107,50.2,90,100,16.8,overcast clouds
186,Lagoa,PT,39.05,-27.9833,70.81,78,19,8.03,few clouds
187,Seinajoki,FI,62.7945,22.8282,70.99,63,75,4.0,broken clouds
188,Panguna,PG,-6.3164,155.4848,67.42,95,88,1.74,overcast clouds
189,Sao Joao Da Barra,BR,-21.6403,-41.0511,67.86,66,79,11.86,broken clouds
190,Victoria,HK,22.2855,114.1577,87.33,86,100,1.01,light rain
191,Wajir,KE,1.7471,40.0573,84.0,44,65,22.68,broken clouds
192,Portland,US,45.5234,-122.6762,76.86,61,100,1.99,overcast clouds
193,Prince Rupert,CA,54.3161,-130.3201,55.49,100,90,2.3,fog
194,Thompson,CA,55.7435,-97.8558,60.96,63,20,6.91,few clouds
195,Rudna,CZ,50.035,14.2344,79.38,41,0,19.57,clear sky
196,Mitu,CO,1.1983,-70.1733,81.14,55,96,3.65,overcast clouds
197,Bandarbeyla,SO,9.4942,50.8122,76.82,79,100,28.12,overcast clouds
198,Salalah,OM,17.0151,54.0924,76.73,87,99,10.0,overcast clouds
199,Bereda,ES,43.2686,-7.5406,69.42,58,55,5.57,broken clouds
200,Porto Santo,PT,33.072,-16.3415,76.91,64,40,18.41,scattered clouds
201,Barrow,US,71.2906,-156.7887,44.62,97,90,10.36,light rain
202,Banda Aceh,ID,5.5577,95.3222,81.5,69,100,14.7,overcast clouds
203,Bath,GB,51.3779,-2.3591,71.02,73,81,1.01,broken clouds
204,Rosetta,EG,31.4044,30.4164,84.18,65,0,13.0,clear sky
205,Ankang,CN,32.68,109.0172,80.1,74,0,0.56,light rain
206,Ostrovnoy,RU,68.0531,39.5131,48.18,94,100,9.04,overcast clouds
207,Saldanha,ZA,-33.0117,17.9442,63.45,61,9,3.89,clear sky
208,Whitehorse,CA,60.7161,-135.0538,55.09,76,20,2.3,few clouds
209,Ribeira Grande,PT,38.5167,-28.7,79.2,65,20,12.66,few clouds
210,Ried,DE,48.477,11.2606,75.52,66,93,5.35,overcast clouds
211,Hurricane,US,37.1753,-113.2899,80.51,53,21,2.37,few clouds
212,Mansalay,PH,12.5167,121.4,79.21,83,98,9.75,overcast clouds
213,Noshiro,JP,40.2039,140.0242,77.2,77,100,11.16,overcast clouds
214,Shestakovo,RU,56.4915,103.96,67.32,67,92,5.17,overcast clouds
215,Rongotea,NZ,-40.3,175.4167,44.92,93,95,5.5,overcast clouds
216,Ninh Binh,VN,20.2539,105.975,84.22,79,100,4.14,overcast clouds
217,Jaguarari,BR,-10.2639,-40.1958,63.57,97,100,11.07,overcast clouds
218,Bay City,US,43.5945,-83.8889,68.56,69,1,6.91,clear sky
219,Tuktoyaktuk,CA,69.4541,-133.0374,53.38,82,97,4.56,overcast clouds
220,Saint-Augustin,CA,51.226,-58.6502,56.68,97,100,4.14,overcast clouds
221,Sistranda,NO,63.7256,8.834,55.36,79,100,16.44,overcast clouds
222,San Lawrenz,MT,36.0553,14.204,94.41,73,0,7.56,clear sky
223,Lavrentiya,RU,65.5833,-171.0,42.55,92,100,10.13,light rain
224,Chitral,PK,35.8462,71.7858,79.52,65,67,3.11,broken clouds
225,Pevek,RU,69.7008,170.3133,34.12,82,99,3.22,overcast clouds
226,Mulege,MX,26.8833,-111.9833,88.2,49,1,2.19,clear sky
227,Leshukonskoye,RU,64.8989,45.7622,63.27,84,100,5.12,overcast clouds
228,Yellowknife,CA,62.456,-114.3525,69.3,77,5,3.0,clear sky
229,Kaitangata,NZ,-46.2817,169.8464,47.55,96,100,2.98,light rain
230,Auki,SB,-8.7676,160.7034,76.59,89,100,11.03,light rain
231,Greenville,US,35.6127,-77.3663,84.31,78,40,4.61,scattered clouds
232,Axim,GH,4.8699,-2.2405,81.18,70,81,9.75,broken clouds
233,Nizhnevartovsk,RU,60.9344,76.5531,55.42,94,0,2.24,clear sky
234,Skibbereen,IE,51.55,-9.2667,66.0,76,76,12.41,broken clouds
235,Sioux Lookout,CA,50.1001,-91.917,67.57,51,32,10.02,scattered clouds
236,Vestmannaeyjar,IS,63.4427,-20.2734,53.74,90,96,9.53,overcast clouds
237,Rio Gallegos,AR,-51.6226,-69.2181,37.45,52,0,13.8,clear sky
238,Vernon,CA,50.2581,-119.2691,77.14,34,32,2.26,scattered clouds
239,Maneadero,MX,31.7167,-116.5667,76.68,62,0,6.08,clear sky
240,Broken Hill,AU,-31.95,141.4333,53.49,81,88,12.62,overcast clouds
241,Bowen,AU,-20.0167,148.2333,70.56,85,50,8.61,scattered clouds
242,Sri Aman,MY,1.2376,111.4621,76.68,86,49,0.22,scattered clouds
243,Krasnoselkup,RU,65.7,82.4667,57.38,65,100,11.03,overcast clouds
244,Spokane,US,47.6166,-117.3677,79.9,40,40,0.0,smoke
245,Husavik,IS,66.0449,-17.3389,59.04,54,3,6.42,clear sky
246,Ambilobe,MG,-13.2,49.05,74.1,60,1,1.23,clear sky
247,Airai,TL,-8.9266,125.4092,57.7,93,28,2.71,scattered clouds
248,Cortez,US,37.3489,-108.5859,75.04,40,20,1.52,few clouds
249,Manakara,MG,-22.1333,48.0167,66.51,74,2,5.37,clear sky
250,Hirado,JP,33.3597,129.5531,79.39,86,100,8.03,overcast clouds
251,Lompoc,US,34.6391,-120.4579,62.92,89,90,5.75,mist
252,Hlotse,LS,-28.8718,28.045,60.21,17,0,6.2,clear sky
253,Lere,NG,10.387,8.5726,77.85,80,74,7.63,moderate rain
254,Humen,CN,22.819,113.6731,87.91,77,94,9.86,overcast clouds
255,Ponta Do Sol,PT,32.6667,-17.1,82.71,69,0,5.48,clear sky
256,Cape Coast,GH,5.1053,-1.2466,80.08,76,73,12.26,broken clouds
257,San Cristobal,VE,7.7669,-72.225,78.49,57,53,6.8,broken clouds
258,Taltal,CL,-25.4,-70.4833,63.46,65,19,5.64,few clouds
259,Gua Musang,MY,4.8823,101.9644,75.33,93,91,1.43,overcast clouds
260,Shache,CN,38.4167,77.2406,90.09,19,97,7.43,overcast clouds
261,Praya,CV,14.9215,-23.5087,84.74,61,40,13.8,scattered clouds
262,Saint-Francois,FR,46.4154,3.9054,66.42,68,100,9.22,overcast clouds
263,Sao Jose Da Coroa Grande,BR,-8.8978,-35.1478,79.79,72,7,15.03,clear sky
264,Birao,CF,10.2849,22.7882,80.51,67,92,4.63,overcast clouds
265,Salawagan,PH,7.7053,125.115,73.35,93,94,0.6,overcast clouds
266,Marzuq,YE,14.4,46.4667,81.99,55,46,11.99,scattered clouds
267,Kavaratti,IN,10.5669,72.642,81.99,79,87,16.58,overcast clouds
268,Kholmogory,RU,64.2229,41.656,77.11,65,100,2.33,moderate rain
269,Dom Pedrito,BR,-30.9828,-54.6731,57.74,54,1,3.65,clear sky
270,Kaa-Khem,RU,51.6833,94.7333,58.42,86,100,1.97,overcast clouds
271,Alofi,NU,-19.0595,-169.9187,78.17,86,100,22.93,light rain
272,Shetpe,KZ,44.1667,52.1167,94.64,13,1,4.25,clear sky
273,Pimentel,PE,-6.8367,-79.9342,66.99,80,7,3.0,clear sky
274,Panaba,MX,21.2833,-88.2667,90.01,53,19,9.33,few clouds
275,Saint George,US,37.1041,-113.5841,84.54,54,44,1.99,scattered clouds
276,Hays,US,30.0502,-98.0336,87.42,77,10,1.7,clear sky
277,Sibolga,ID,1.7427,98.7792,76.46,91,91,2.75,heavy intensity rain
278,Manzhouli,CN,49.6,117.4333,54.01,82,100,15.5,overcast clouds
279,Hattiesburg,US,31.3271,-89.2903,91.65,76,94,2.89,overcast clouds
280,Atikokan,CA,48.7555,-91.6216,71.85,51,64,8.77,broken clouds
281,Itarema,BR,-2.9248,-39.9167,89.13,44,63,14.45,broken clouds
282,Hami,CN,42.8,93.45,85.39,27,100,18.57,overcast clouds
283,Umm Lajj,SA,25.0213,37.2685,90.68,44,16,6.64,few clouds
284,Cove,BJ,7.221,2.3402,83.21,61,95,8.16,overcast clouds
285,Vila Velha,BR,-20.3297,-40.2925,72.97,44,61,15.23,broken clouds
286,Tuy Hoa,VN,13.0833,109.3,84.33,68,82,13.87,broken clouds
287,Harper,LR,4.375,-7.7169,78.4,80,97,12.41,light rain
288,Havelock,US,34.8791,-76.9013,87.75,87,9,4.97,clear sky
289,Pochutla,MX,15.7432,-96.4661,84.81,54,10,2.13,clear sky
290,Borisoglebskiy,RU,57.2586,39.1508,74.84,46,99,12.95,overcast clouds
291,Alberton,CA,46.8168,-64.0654,61.38,76,99,22.1,overcast clouds
292,Eureka,US,40.8021,-124.1637,54.21,94,99,2.55,overcast clouds
293,Coihaique,CL,-45.5752,-72.0662,36.43,76,43,7.07,scattered clouds
294,Malia,GR,35.2833,25.4667,95.11,34,0,8.5,clear sky
295,Castro,BR,-24.7911,-50.0119,52.63,56,100,8.23,overcast clouds
296,Arona,ES,28.0996,-16.681,75.72,54,0,23.02,clear sky
297,Te Anau,NZ,-45.4167,167.7167,46.42,98,100,0.85,overcast clouds
298,Nuuk,GL,64.1835,-51.7216,54.21,71,20,12.66,few clouds
299,Trofors,NO,65.5333,13.4063,58.35,65,100,4.05,overcast clouds
300,Catanzaro,IT,38.8908,16.5987,105.04,43,0,7.87,clear sky
301,Bemidji,US,47.4736,-94.8803,75.18,64,1,11.5,clear sky
302,Mitsamiouli,KM,-11.3847,43.2844,77.72,69,4,11.14,clear sky
303,Makakilo City,US,21.3469,-158.0858,76.57,72,75,3.44,broken clouds
304,Gat,IL,31.61,34.7642,93.4,36,0,11.81,clear sky
305,Manggar,ID,-2.8833,108.2667,81.93,77,85,10.94,overcast clouds
306,Lincoln,US,40.8,-96.667,70.18,95,90,3.0,mist
307,Raleigh,US,35.7721,-78.6386,86.81,72,20,1.01,few clouds
308,Along,IN,28.1667,94.7667,75.11,99,56,0.65,broken clouds
309,Chichli,IN,22.8333,78.8167,76.78,86,90,11.18,moderate rain
310,Odweyne,SO,9.4092,45.064,78.01,41,49,22.59,scattered clouds
311,Morant Bay,JM,17.8815,-76.4093,87.62,72,5,11.3,clear sky
312,Tual,ID,-5.6667,132.75,81.41,80,37,16.02,scattered clouds
313,Leningradskiy,RU,69.3833,178.4167,32.04,93,100,9.04,overcast clouds
314,Alyangula,AU,-13.8483,136.4192,75.07,100,40,5.75,scattered clouds
315,Keti Bandar,PK,24.1447,67.4497,82.35,82,91,24.7,overcast clouds
316,Severo-Kurilsk,RU,50.6789,156.125,53.15,96,100,2.66,overcast clouds
317,Novorzhev,RU,57.0294,29.3338,72.3,62,14,9.78,few clouds
318,Mount Isa,AU,-20.7333,139.5,60.57,48,1,3.44,light rain
319,Baoqing,CN,46.3317,132.2111,77.97,70,63,8.08,broken clouds
320,Zuwarah,LY,32.9312,12.082,97.2,33,0,11.54,clear sky
321,Santa Cruz,BO,-17.8,-63.1667,76.23,21,22,8.63,few clouds
322,Hoshiarpur,IN,31.5322,75.9172,85.86,69,81,3.89,broken clouds
323,Port Macquarie,AU,-31.4333,152.9167,49.89,100,0,0.0,clear sky
324,Ocean Springs,US,30.4113,-88.8278,90.52,82,1,0.0,clear sky
325,Shevchenkove,UA,49.6959,37.1735,87.58,30,13,6.38,few clouds
326,Le Mars,US,42.7942,-96.1656,69.57,94,75,4.61,mist
327,Rio Verde De Mato Grosso,BR,-18.9181,-54.8442,80.8,13,47,6.44,scattered clouds
328,Vostok,RU,46.4856,135.8833,64.8,93,26,4.83,scattered clouds
329,Cherskiy,RU,68.75,161.3,42.13,92,100,16.22,moderate rain
330,Mizan Teferi,ET,6.9833,35.5833,62.89,97,100,0.22,light rain
331,Boende,CD,-0.2167,20.8667,92.89,33,100,0.65,overcast clouds
332,Charlestown,AU,-32.95,151.6667,61.41,75,0,5.01,clear sky
333,Hirara,JP,24.8,125.2833,82.92,88,100,12.95,overcast clouds
334,Dunedin,NZ,-45.8742,170.5036,50.81,80,100,14.0,light rain
335,Talin,EE,59.437,24.7535,69.53,79,75,14.97,light rain
336,Ballina,AU,-28.8667,153.5667,54.79,86,0,12.03,clear sky
337,Belyy Yar,RU,53.6039,91.3903,67.89,68,0,2.24,clear sky
338,Cockburn Town,TC,21.4612,-71.1419,85.96,66,40,18.41,scattered clouds
339,Vao,NC,-22.6667,167.4833,67.42,56,0,23.49,clear sky
340,Viedma,AR,-40.8135,-62.9967,53.42,39,0,9.62,clear sky
341,Ko Samui,TH,9.5357,99.9357,83.48,76,100,20.15,overcast clouds
342,Nemuro,JP,43.3236,145.575,65.71,99,100,14.7,overcast clouds
343,Fukue,JP,32.6881,128.8419,80.85,87,73,9.57,broken clouds
344,Vung Tau,VN,10.346,107.0843,81.97,82,82,14.9,broken clouds
345,Kokoda,PG,-8.8785,147.7407,72.46,96,92,1.07,overcast clouds
346,Plettenberg Bay,ZA,-34.0527,23.3716,63.55,54,66,2.35,broken clouds
347,Sarankhola,BD,22.3082,89.7897,80.73,92,100,5.97,overcast clouds
348,Russell,US,32.3502,-85.1999,88.38,73,1,3.44,clear sky
349,Pedernales,DO,18.0384,-71.744,88.63,57,0,4.68,clear sky
350,Zhezkazgan,KZ,47.8043,67.7144,85.44,17,0,5.97,clear sky
351,Malinovoye Ozero,RU,51.6753,79.7825,73.13,27,82,2.01,broken clouds
352,Ouango,CF,4.3133,22.5552,88.41,52,74,6.78,broken clouds
353,Wau,SS,7.7029,27.9953,73.24,94,100,2.77,light rain
354,Huarmey,PE,-10.0681,-78.1522,67.42,76,29,10.4,scattered clouds
355,Half Moon Bay,US,37.4636,-122.4286,66.24,88,40,1.99,scattered clouds
356,Ngunguru,NZ,-35.6167,174.5,55.17,72,97,18.5,overcast clouds
357,Kupang,ID,-10.1667,123.5833,76.57,80,91,10.02,overcast clouds
358,Grand Gaube,MU,-20.0064,57.6608,70.38,70,2,1.99,clear sky
359,Deputatskiy,RU,69.3,139.9,44.98,72,93,10.11,overcast clouds
360,Valparaiso,CL,-33.0393,-71.6273,58.69,59,100,7.67,overcast clouds
361,Mandiana,GN,10.6333,-8.6833,82.4,68,84,7.87,light rain
362,Luderitz,NA,-26.6481,15.1594,76.05,29,0,10.87,clear sky
363,Rocha,UY,-34.4833,-54.3333,56.05,59,0,7.27,clear sky
364,Macau,MO,22.2006,113.5461,87.08,89,20,8.05,light rain
365,Shimoda,JP,34.6667,138.95,76.1,84,7,3.4,clear sky
366,Christchurch,NZ,-43.5333,172.6333,52.0,88,90,4.0,overcast clouds
367,Coquimbo,CL,-29.9533,-71.3436,59.95,67,0,3.6,clear sky
368,Pyinmana,MM,19.7333,96.2167,76.03,94,100,5.06,light rain
369,Carballo,ES,43.213,-8.691,70.02,71,92,7.7,overcast clouds
370,Sharan,RU,54.8167,54.0,76.19,61,98,12.88,overcast clouds
371,Manati,PR,18.4275,-66.4921,87.89,77,70,13.82,broken clouds
372,Aykhal,RU,66.0,111.5,62.55,40,12,4.52,few clouds
373,Ruteng,ID,-8.6136,120.4721,61.72,94,98,4.88,overcast clouds
374,Mayo,US,38.8876,-76.5119,75.36,62,20,5.01,few clouds
375,Muroto,JP,33.2833,134.15,81.1,77,100,3.6,overcast clouds
376,Port Townsend,US,48.117,-122.7605,71.69,78,1,1.99,clear sky
377,Newport,GB,51.5877,-2.9984,69.17,71,82,13.2,broken clouds
378,Poum,NC,-20.2333,164.0167,68.43,59,3,19.62,clear sky
379,Avera,US,33.194,-82.5271,89.69,58,36,6.38,scattered clouds
380,Purpe,RU,64.4803,76.6897,59.05,64,90,5.01,overcast clouds
381,Dawlatabad,AF,36.4141,64.9053,89.13,12,0,6.91,clear sky
382,Kulhudhuffushi,MV,6.6221,73.07,82.45,76,77,12.48,broken clouds
383,Smolensk,RU,55.0,33.0,75.36,47,87,9.31,overcast clouds
384,Ikwiriri,TZ,-7.9562,38.9716,79.03,54,92,7.92,overcast clouds
385,Phan Thiet,VN,10.9333,108.1,80.17,84,47,8.63,scattered clouds
386,Kudahuvadhoo,MV,2.6708,72.8944,82.9,72,84,4.43,broken clouds
387,Mandalay,MM,21.9747,96.0836,82.9,74,100,11.3,light rain
388,Harrisonburg,US,38.4496,-78.8689,74.37,62,40,0.0,scattered clouds
389,Yerbogachen,RU,61.2767,108.0108,61.05,53,2,5.61,clear sky
390,Charters Towers,AU,-20.1,146.2667,62.69,91,6,7.36,clear sky
391,Hambantota,LK,6.1241,81.1185,82.74,83,20,10.36,few clouds
392,Necochea,AR,-38.5473,-58.7368,54.03,65,71,5.26,broken clouds
393,Lubartow,PL,51.4603,22.6095,75.63,54,100,15.12,overcast clouds
394,Dayong,CN,25.0209,118.2898,78.48,97,100,3.36,light rain
395,Goderich,CA,43.7501,-81.7165,67.91,66,40,12.01,scattered clouds
396,Amambai,BR,-23.1042,-55.2258,58.57,38,100,10.0,light rain
397,Thinadhoo,MV,0.5333,72.9333,83.12,66,93,2.01,overcast clouds
398,Zolotukhino,RU,52.0842,36.3772,84.61,45,12,7.29,few clouds
399,Raudeberg,NO,61.9875,5.1352,61.47,78,32,28.48,scattered clouds
400,Puerto Madero,MX,14.7208,-92.4215,81.95,76,2,4.23,clear sky
401,Rodrigues Alves,BR,-7.738,-72.6509,78.64,40,7,2.93,clear sky
402,Irbit,RU,57.6705,63.071,66.31,78,100,5.21,overcast clouds
403,Blagoyevo,RU,63.3667,47.9167,60.24,92,93,2.24,overcast clouds
404,Conceicao Da Barra,BR,-18.5933,-39.7322,72.54,50,95,11.7,overcast clouds
405,Katsuura,JP,35.1333,140.3,83.1,87,30,5.77,scattered clouds
406,Mingshui,CN,36.7167,117.5,84.31,75,0,15.43,clear sky
407,Pacasmayo,PE,-7.4006,-79.5714,69.04,74,10,10.83,clear sky
408,Umm Kaddadah,SD,13.6017,26.6876,92.93,35,98,16.46,overcast clouds
409,Djibo,BF,14.1022,-1.6306,94.23,40,91,11.79,overcast clouds
410,Kirishi,RU,59.4471,32.0205,68.77,42,56,9.98,broken clouds
411,Gobabis,NA,-22.45,18.9667,69.96,14,0,17.11,clear sky
412,Moree,AU,-29.4667,149.85,60.58,69,0,15.79,clear sky
413,Gabu,GW,12.2833,-14.2167,81.61,82,93,5.08,moderate rain
414,Yaring,TH,6.8662,101.3689,79.36,82,99,12.57,overcast clouds
415,Araguaina,BR,-7.1911,-48.2072,96.64,22,1,9.44,clear sky
416,Constitucion,CL,-35.3333,-72.4167,55.45,67,100,5.48,overcast clouds
417,Tekirdag,TR,40.978,27.5085,94.35,44,0,9.26,clear sky
418,Karla,EE,59.3723,24.9275,69.15,79,75,14.97,broken clouds
419,Klyuchi,RU,52.2667,79.1667,71.19,39,100,6.93,overcast clouds
420,Bremervorde,DE,53.4833,9.1333,68.22,86,68,15.55,light rain
421,Port Lincoln,AU,-34.7333,135.8667,51.33,72,97,8.01,overcast clouds
422,Tilichiki,RU,60.4667,166.1,42.35,72,8,4.83,clear sky
423,Sundargarh,IN,22.1167,84.0333,76.12,93,98,9.71,overcast clouds
424,Birjand,IR,32.8663,59.2211,78.96,16,0,13.31,clear sky
425,Hammerfest,NO,70.6634,23.6821,46.85,100,90,8.05,drizzle
426,San Pedro,PH,14.35,121.0167,83.16,85,100,14.38,overcast clouds
427,Piacabucu,BR,-10.4056,-36.4344,76.91,83,34,15.26,scattered clouds
428,Nizwa,OM,22.9333,57.5333,98.67,30,70,1.59,broken clouds
429,Fairbanks,US,64.8378,-147.7164,61.09,87,100,1.5,overcast clouds
430,Longyearbyen,SJ,78.2186,15.6401,46.24,71,75,10.36,broken clouds
431,Kavieng,PG,-2.5744,150.7967,81.25,78,7,7.05,light rain
432,Henties Bay,NA,-22.116,14.2845,78.78,30,0,4.21,clear sky
433,San Angelo,US,31.4638,-100.437,86.95,66,1,3.0,clear sky
434,Saint Anthony,US,45.0205,-93.218,74.25,74,1,1.99,haze
435,Ocampo,MX,21.65,-101.5,61.25,70,53,5.21,broken clouds
436,Diapaga,BF,12.0708,1.7889,83.77,63,81,11.16,light rain
437,Ofunato,JP,39.0717,141.7167,74.28,93,100,3.24,overcast clouds
438,Hobo,CO,2.5833,-75.45,81.63,56,63,5.1,broken clouds
439,Manokwari,ID,-0.8667,134.0833,78.98,83,41,3.98,scattered clouds
440,Laibin,CN,23.7,109.2667,81.54,87,100,6.96,light rain
441,Giyani,ZA,-23.3025,30.7187,71.82,31,0,5.23,clear sky
442,Prijedor,BA,44.9814,16.7131,92.88,21,20,9.22,few clouds
443,Iqaluit,CA,63.7506,-68.5145,56.7,54,100,3.0,overcast clouds
444,Kouroussa,GN,10.65,-9.8833,81.54,70,87,7.94,overcast clouds
445,Mandapam,IN,9.2833,79.1167,83.73,78,4,24.38,clear sky
446,Oistins,BB,13.0667,-59.5333,83.62,73,0,17.22,clear sky
447,Vila,PT,42.0304,-8.1588,64.33,52,61,12.06,broken clouds
448,Trairi,BR,-3.2778,-39.2689,89.53,41,85,14.32,overcast clouds
449,Roros,NO,62.5747,11.3842,55.24,58,90,6.91,overcast clouds
450,Tanete,ID,-3.9443,119.7848,73.89,93,87,3.29,light rain
451,Novo Mesto,SI,45.804,15.1689,90.43,33,31,10.4,scattered clouds
452,Upington,ZA,-28.4478,21.2561,74.08,12,0,10.58,clear sky
453,Pila,PL,53.1515,16.7378,78.24,34,61,16.8,broken clouds
454,Boa Vista,BR,2.8197,-60.6733,80.58,74,75,4.61,broken clouds
455,Sarakhs,IR,36.5449,61.1577,89.4,11,0,10.76,clear sky
456,Huancabamba,PE,-5.2386,-79.4506,68.43,57,27,7.92,scattered clouds
457,Adrar,MR,20.5022,-10.0711,107.42,16,54,7.43,broken clouds
458,Letlhakane,BW,-21.4167,25.5833,71.38,25,0,14.0,clear sky
459,Tankara,IN,22.6667,70.7333,82.58,77,100,21.21,overcast clouds
460,Hauge,NO,58.3436,6.2812,62.89,65,44,23.15,scattered clouds
461,Riverton,US,40.5219,-111.9391,81.09,59,1,3.0,clear sky
462,Ati,TD,13.2154,18.3353,86.25,57,96,11.14,overcast clouds
463,Tuatapere,NZ,-46.1333,167.6833,47.82,98,100,1.59,light rain
464,Likasi,CD,-10.9814,26.7333,76.53,26,0,8.52,clear sky
465,Lata,PT,40.1629,-8.3327,78.04,43,100,14.81,overcast clouds
466,Dong Hoi,VN,17.4833,106.6,84.11,72,100,10.47,overcast clouds
467,Waingapu,ID,-9.6567,120.2641,75.09,78,38,7.0,scattered clouds
468,Workington,GB,54.6425,-3.5441,64.49,81,77,16.6,broken clouds
469,Kismayo,SO,-0.3582,42.5454,77.04,76,97,17.67,overcast clouds
470,Belis,RO,46.65,23.0333,80.6,47,57,6.91,moderate rain
471,Xico,MX,19.2667,-98.9333,60.08,72,63,4.25,broken clouds
472,Anadyr,RU,64.75,177.4833,41.0,86,62,1.99,broken clouds
473,Havoysund,NO,70.9963,24.6622,47.28,92,100,9.31,light rain
474,Hinton,CA,53.4001,-117.5857,70.38,62,0,1.66,clear sky
475,Aswan,EG,24.0934,32.907,105.87,9,26,11.3,scattered clouds
476,Sychevka,RU,55.8252,34.2736,72.81,53,60,9.53,broken clouds
477,Tondano,ID,1.3038,124.9112,68.09,95,23,1.99,few clouds
478,Halifax,CA,44.6453,-63.5724,69.53,68,19,3.0,few clouds
479,Roald,NO,62.5833,6.1333,60.91,76,75,16.11,light intensity drizzle
480,Fussen,DE,47.8739,12.1695,75.65,64,89,2.89,light rain
481,Mantua,IT,45.1667,10.7833,91.35,48,2,6.55,clear sky
482,Atbasar,KZ,51.8,68.3333,76.28,50,15,7.85,few clouds
483,Warmbad,NA,-28.45,18.7333,79.45,9,21,8.52,few clouds
484,Ust-Uda,RU,54.1742,103.0304,65.52,69,100,4.23,overcast clouds
485,Lorengau,PG,-2.0226,147.2712,80.42,78,99,2.8,overcast clouds
486,Ornskoldsvik,SE,63.2909,18.7153,67.82,82,90,5.75,overcast clouds
487,Port Shepstone,ZA,-30.7414,30.455,67.35,68,0,13.38,clear sky
488,Tamandare,BR,-8.7597,-35.1047,80.04,73,10,14.16,clear sky
489,Namatanai,PG,-3.6667,152.4333,78.73,83,6,6.53,light rain
490,Camana,PE,-16.6228,-72.7111,65.53,69,35,9.98,scattered clouds
491,Tautira,PF,-17.7333,-149.15,69.82,62,100,13.24,overcast clouds
492,Moskovskiy,RU,55.5991,37.355,78.58,39,0,17.9,clear sky
493,Riohacha,CO,11.5444,-72.9072,89.22,54,13,18.57,few clouds
494,Alice Springs,AU,-23.7,133.8833,67.55,28,0,5.75,clear sky
495,La Maddalena,IT,41.2142,9.4083,91.56,66,8,2.24,clear sky
496,Los Llanos De Aridane,ES,28.6585,-17.9182,75.13,78,20,16.11,few clouds
497,Hampton,US,37.0299,-76.3452,83.32,73,75,8.01,broken clouds
498,Acari,PE,-15.4311,-74.6158,70.57,59,58,6.29,broken clouds
499,Puerto Escondido,MX,15.85,-97.0667,86.83,74,20,0.0,few clouds
500,Padang,ID,-0.9492,100.3543,75.25,88,99,3.2,light rain
501,Nichinan,JP,31.6,131.3667,80.76,89,100,4.05,overcast clouds
502,Raga,SS,8.4596,25.678,71.91,90,100,1.81,overcast clouds
503,Sobolevo,RU,54.4299,31.8996,76.64,49,17,9.6,few clouds
504,Mlonggo,ID,-6.5333,110.7,79.11,78,19,5.7,few clouds
505,Zhengjiatun,CN,43.5064,123.5064,71.38,99,86,6.78,overcast clouds
506,Pacific Grove,US,36.6177,-121.9166,63.01,93,90,1.01,mist
507,Almeirim,BR,-1.5233,-52.5817,74.19,97,99,2.17,overcast clouds
508,Grafton,US,42.207,-71.6856,70.74,61,1,1.01,clear sky
509,Biak,ID,-0.9131,122.8766,75.79,85,19,5.86,few clouds
510,Hulst,NL,51.28,4.0528,73.11,67,78,3.0,broken clouds
511,Kaeo,NZ,-35.1,173.7833,54.32,91,97,12.68,overcast clouds
512,Hamilton,US,39.1834,-84.5333,75.99,71,98,1.01,overcast clouds
513,Tumen,CN,42.9661,129.8425,75.31,94,94,8.25,overcast clouds
514,Klaksvik,FO,62.2266,-6.589,52.72,76,99,16.58,overcast clouds
515,Sitka,US,57.0531,-135.33,64.33,77,8,1.36,clear sky
516,Buraydah,SA,26.326,43.975,106.09,7,31,3.98,scattered clouds
517,Eugene,US,44.0521,-123.0867,71.15,72,95,3.0,overcast clouds
518,Andros Town,BS,24.7,-77.7667,86.05,63,22,11.3,few clouds
519,Kurumkan,RU,54.3,110.3,60.28,82,19,4.12,few clouds
520,Talnakh,RU,69.4865,88.3972,58.93,74,74,8.75,light rain
521,Flin Flon,CA,54.7682,-101.865,68.77,39,8,5.88,clear sky
522,Lashio,MM,22.9333,97.75,69.91,98,100,1.3,overcast clouds
523,Mabaruma,GY,8.2,-59.7833,83.86,78,20,3.47,few clouds
524,Zeya,RU,53.75,127.2667,53.85,82,100,5.32,overcast clouds
525,Hoquiam,US,46.9809,-123.8893,64.42,65,90,8.05,overcast clouds
526,Ust-Maya,RU,60.4167,134.5333,53.13,70,0,2.59,clear sky
527,Nagato,JP,34.3833,131.2,79.2,88,95,3.67,overcast clouds
528,Alugan,PH,12.2188,125.4808,81.61,80,85,6.82,overcast clouds
529,Kendari,ID,-3.945,122.4989,74.28,94,11,3.8,few clouds
530,Copperas Cove,US,31.1241,-97.9031,87.51,71,1,5.75,clear sky
531,Devaprayag,IN,30.15,78.6167,79.65,90,74,1.01,broken clouds
532,Bongandanga,CD,1.5,21.05,86.9,46,100,4.32,overcast clouds
533,Cariamanga,EC,-4.3333,-79.55,66.87,43,37,4.09,scattered clouds
534,Platteville,US,42.7342,-90.4785,71.8,73,1,3.44,clear sky
535,Jingdezhen,CN,29.2947,117.2079,78.76,89,28,2.42,light rain
536,Karratha,AU,-20.7377,116.8463,67.64,42,4,13.31,clear sky
537,Ndago,TZ,-4.6,34.35,77.38,27,29,11.97,scattered clouds
538,Noumea,NC,-22.2763,166.4572,70.0,99,17,14.38,few clouds
539,Paragominas,BR,-2.9667,-47.4833,81.41,79,16,4.43,few clouds
540,Baykit,RU,61.67,96.37,58.01,77,83,1.25,broken clouds
541,Durango,MX,24.8333,-104.8333,69.8,57,7,4.5,clear sky
542,Catuday,PH,16.2923,119.8062,80.83,83,100,17.22,moderate rain
543,Tres Picos,MX,15.8667,-93.5333,85.8,65,30,3.51,scattered clouds
544,Hobyo,SO,5.3505,48.5268,78.12,72,97,27.76,overcast clouds
545,Vanimo,PG,-2.6741,141.3028,77.97,88,70,4.56,broken clouds
546,Belomorsk,RU,64.5232,34.7668,57.61,92,99,5.61,overcast clouds
547,Madaba,JO,31.5833,35.6667,92.08,28,0,10.49,clear sky
548,Srednekolymsk,RU,67.45,153.6833,45.05,74,64,12.1,broken clouds
549,Jiaozuo,CN,35.2397,113.2331,85.46,68,2,5.79,clear sky
550,Sooke,CA,48.3746,-123.7276,71.02,60,100,5.79,overcast clouds
551,Miraflores,MX,19.2167,-98.8083,59.65,66,29,3.27,scattered clouds
552,Nalut,LY,30.3333,10.85,103.91,7,0,10.89,clear sky
553,Kharp,RU,66.8014,65.8081,52.65,72,2,6.78,clear sky
554,Vyazovaya,RU,54.905,58.3561,66.79,91,76,5.99,broken clouds
555,Taksimo,RU,56.3444,114.8794,60.62,62,89,3.89,light rain
556,Camacha,PT,33.0833,-16.3333,74.16,64,40,18.41,scattered clouds
557,Canton,CN,23.1167,113.25,84.15,63,100,8.14,overcast clouds
558,Kuruman,ZA,-27.4524,23.4325,68.0,17,0,6.91,clear sky
559,Ikom,NG,5.9667,8.7063,80.67,86,100,2.26,moderate rain
560,Ivanteyevka,RU,55.9711,37.9208,79.14,41,7,8.01,clear sky
561,Krasnyy Oktyabr,RU,56.1167,38.8833,77.29,43,7,10.54,clear sky
562,Tokmak,UA,47.2514,35.7058,86.49,40,10,6.69,clear sky
563,Mogadishu,SO,2.0371,45.3438,76.98,79,95,18.23,overcast clouds
564,Paciran,ID,-6.8767,112.3761,78.71,77,49,4.0,scattered clouds
565,Ullapool,GB,57.8987,-5.1604,62.76,71,100,6.89,overcast clouds
566,Zhangye,CN,38.9342,100.4517,85.05,20,1,11.56,clear sky
567,Jiuquan,CN,39.7432,98.5174,83.48,19,8,16.78,clear sky
568,Iquitos,PE,-3.7481,-73.2472,79.16,49,100,3.15,overcast clouds
569,Marovoay,MG,-16.1,46.6333,81.27,39,26,13.18,scattered clouds
570,Barra Do Garcas,BR,-15.89,-52.2567,87.48,15,4,5.99,clear sky
571,Penzance,GB,50.1186,-5.5371,64.47,88,75,10.36,broken clouds
572,Carutapera,BR,-1.195,-46.02,82.29,78,17,7.54,few clouds
573,Arlit,NE,18.7369,7.3853,103.17,19,7,3.94,clear sky
574,Jinchang,CN,38.4953,102.1739,81.1,22,0,12.15,clear sky
575,Pangnirtung,CA,66.1451,-65.7125,56.97,58,100,1.3,overcast clouds
576,Severodvinsk,RU,64.5635,39.8302,77.11,69,95,4.85,overcast clouds
577,Aksu,CN,41.1231,80.2644,80.87,27,0,18.77,clear sky
578,Milkovo,RU,54.7167,158.6167,46.44,95,98,3.56,overcast clouds
579,Buala,SB,-8.145,159.5921,78.1,86,100,8.59,light rain
580,Tayu,ID,-6.5397,111.0518,79.63,77,44,6.53,scattered clouds
581,Tutoia,BR,-2.7619,-42.2744,89.58,51,14,4.0,few clouds
582,Tabou,CI,4.423,-7.3528,78.94,78,78,11.97,light rain
583,Adilabad,IN,19.6667,78.5333,79.77,76,100,8.81,overcast clouds
584,Aquidauana,BR,-20.4711,-55.7872,77.4,13,93,4.59,overcast clouds
585,Great Yarmouth,GB,52.6083,1.7305,71.85,71,93,9.4,overcast clouds
586,Mapiri,BO,-15.25,-68.1667,70.75,58,97,1.03,overcast clouds
587,Kutum,SD,14.2,24.6667,86.61,39,100,15.35,overcast clouds
588,Gigmoto,PH,13.7796,124.39,81.75,85,98,7.81,overcast clouds
589,Kirkwall,GB,58.9848,-2.9587,55.74,76,75,11.5,broken clouds
590,Itoman,JP,26.1247,127.6694,82.78,96,75,11.5,broken clouds
591,Sola,VU,-13.8833,167.55,77.72,70,100,15.55,overcast clouds
592,Iskitim,RU,54.6366,83.3045,73.22,50,100,2.82,overcast clouds
593,Mata,PT,40.683,-7.4592,74.93,22,20,10.89,few clouds
594,Calapi,PH,11.9435,125.0206,80.31,85,99,6.33,overcast clouds
595,Prainha,BR,-1.8,-53.48,72.95,97,100,2.42,overcast clouds
596,Caucaia,BR,-3.7361,-38.6531,89.55,49,20,16.11,few clouds
597,Tadine,NC,-21.55,167.8833,66.85,57,8,19.24,clear sky
598,Kirovskiy,RU,45.0917,133.5136,72.68,82,84,8.32,broken clouds
599,Batemans Bay,AU,-35.7167,150.1833,51.19,79,0,6.13,clear sky
600,Banapur,IN,19.7833,85.1833,83.14,78,100,4.9,overcast clouds
601,Buin,CL,-33.7333,-70.75,62.92,25,12,0.98,few clouds
602,Ulaangom,MN,49.9811,92.0667,58.55,75,100,1.36,overcast clouds
603,Bonavista,CA,48.6499,-53.1147,62.55,95,100,21.61,light rain
604,Payson,US,40.0444,-111.7321,80.33,63,40,3.0,scattered clouds
605,Mount Gambier,AU,-37.8333,140.7667,45.09,86,99,6.04,overcast clouds
606,New Bedford,US,41.6362,-70.9342,72.14,58,1,4.0,clear sky
607,Sao Paulo De Olivenca,BR,-3.3783,-68.8725,79.93,44,96,3.94,overcast clouds
608,Hovd,MN,48.0056,91.6419,57.02,78,100,2.71,overcast clouds
609,Grootfontein,NA,-19.5667,18.1167,71.91,15,0,16.58,clear sky
610,Atasu,KZ,48.6814,71.6433,79.0,24,77,7.65,broken clouds
611,San Jeronimo,PE,-11.9472,-75.2829,56.73,46,23,1.79,few clouds
612,Cercal,PT,37.806,-8.6715,66.74,46,40,18.07,scattered clouds
613,Jalu,LY,29.0331,21.5482,107.31,9,0,14.05,clear sky
614,Presidencia Roque Saenz Pena,AR,-26.7852,-60.4388,62.98,30,74,5.99,broken clouds
615,Gejiu,CN,23.306,103.1635,60.55,98,100,4.65,moderate rain
616,Gillette,US,44.2911,-105.5022,75.81,54,1,3.0,haze
617,Kawalu,ID,-7.3817,108.2082,72.28,97,96,1.66,overcast clouds
618,Braniewo,PL,54.3797,19.8196,74.28,64,43,9.37,scattered clouds
619,Mandalgovi,MN,45.7625,106.2708,63.23,54,94,11.43,overcast clouds
620,Bayshore Gardens,US,27.4253,-82.5904,91.27,71,1,4.61,clear sky
621,El Alto,PE,-4.2714,-81.2147,71.26,65,10,6.64,clear sky
622,Scottsboro,US,34.6723,-86.0341,84.87,89,1,0.0,clear sky
623,Fort Nelson,CA,58.8053,-122.7002,67.19,61,3,1.34,clear sky
624,Hay River,CA,60.8156,-115.7999,68.4,56,0,9.57,clear sky
625,Teya,RU,60.3778,92.6267,56.68,66,22,3.29,few clouds
626,Sorland,NO,67.667,12.6934,50.07,75,85,13.89,overcast clouds
627,Victor Harbor,AU,-35.5667,138.6167,53.47,79,100,7.0,overcast clouds
628,Erenhot,CN,43.6475,111.9767,64.76,55,73,13.53,broken clouds
629,Bulgan,MN,48.8125,103.5347,59.9,80,100,2.66,overcast clouds
630,Myaundzha,RU,63.0494,147.1858,46.13,69,72,2.13,broken clouds
631,Tigil,RU,57.8,158.6667,39.45,88,98,2.82,overcast clouds
632,Acapulco,MX,16.8634,-99.8901,82.74,64,67,1.5,broken clouds
633,Verkhoyansk,RU,67.5447,133.385,62.73,69,52,3.98,broken clouds
634,Kemin,KG,42.7846,75.6892,67.51,34,1,6.82,clear sky
635,Beloha,MG,-25.1667,45.05,69.4,68,0,13.96,clear sky
636,Menongue,AO,-14.6585,17.691,80.37,14,0,9.35,clear sky
637,Nelson Bay,AU,-32.7167,152.15,61.68,70,0,9.01,clear sky
638,Maceio,BR,-9.6658,-35.7353,83.64,69,40,13.8,scattered clouds
639,Qaqortoq,GL,60.7167,-46.0333,63.1,68,90,5.64,overcast clouds
640,La Ronge,CA,55.1001,-105.2842,66.02,53,0,2.21,clear sky
641,Gaoua,BF,10.2992,-3.2508,81.46,69,100,3.38,moderate rain
642,Quatre Cocos,MU,-20.2078,57.7625,70.09,63,6,18.05,clear sky
643,Abancay,PE,-13.6339,-72.8814,60.04,50,72,2.86,broken clouds
644,Fare,PF,-16.7,-151.0167,76.15,71,70,18.72,broken clouds
645,Petropavl,KZ,54.8753,69.1628,70.0,68,100,5.12,overcast clouds
646,Mocuba,MZ,-16.8392,36.9856,68.5,84,84,6.29,light rain
647,Richards Bay,ZA,-28.783,32.0377,69.73,65,0,12.01,clear sky
648,Dukat,RU,62.55,155.55,42.21,68,96,4.54,overcast clouds
649,Nilopolis,BR,-22.8075,-43.4139,74.03,48,0,6.91,clear sky
650,Puerto El Triunfo,SV,13.2833,-88.55,87.96,60,68,3.71,broken clouds
651,Vilyuysk,RU,63.7553,121.6247,62.22,52,13,5.55,few clouds
652,Stokmarknes,NO,68.5646,14.9108,51.76,65,92,4.76,overcast clouds
653,Khasan,RU,42.4308,130.6434,76.71,93,26,9.01,scattered clouds
654,Navrongo,GH,10.8956,-1.0921,72.93,95,100,8.28,moderate rain
655,Bilma,NE,18.6853,12.9164,105.19,8,83,1.74,broken clouds
656,Valle De Allende,MX,26.9333,-105.4,71.91,58,67,4.27,broken clouds
657,Van Buren,US,35.4368,-94.3483,90.32,69,1,5.75,clear sky
658,Caravelas,BR,-17.7125,-39.2481,71.8,57,100,12.95,overcast clouds
659,Seoul,KR,37.5683,126.9778,81.84,70,80,1.9,broken clouds
660,Zhigansk,RU,66.7697,123.3711,65.05,41,26,5.82,scattered clouds
661,Tanout,NE,14.9709,8.8879,92.34,39,75,5.97,broken clouds
662,Shelburne,CA,44.0787,-80.2041,66.76,57,100,8.7,overcast clouds
663,Morfelden-Walldorf,DE,49.9947,8.5836,78.22,46,0,4.0,clear sky
664,Tocopilla,CL,-22.092,-70.1979,64.83,67,31,10.78,scattered clouds
665,Nyurba,RU,63.2842,118.3319,60.58,56,4,2.04,clear sky
666,Wexford,IE,52.3342,-6.4575,70.21,78,93,8.28,overcast clouds
667,Nyagan,RU,62.1406,65.3936,63.41,52,38,2.01,scattered clouds
668,Shasta Lake,US,40.6804,-122.3708,81.32,50,100,2.44,overcast clouds
669,San Miguel,SV,13.4833,-88.1833,84.49,62,84,3.58,broken clouds
670,Champasak,LA,14.75,106.0,74.79,97,100,1.43,overcast clouds
671,Curvelo,BR,-18.7564,-44.4308,76.06,34,1,7.29,clear sky
672,Asmara,ER,15.3333,38.9333,62.91,73,100,4.52,overcast clouds
673,Kamenka,RU,51.3223,42.7678,82.74,50,58,2.75,broken clouds
674,Luanda,AO,-8.8368,13.2343,77.0,69,0,11.5,clear sky
675,Kununurra,AU,-15.7667,128.7333,71.58,73,4,0.0,clear sky
676,Brooks,CA,50.5834,-111.8851,80.06,28,1,11.65,clear sky
677,Petropavlovsk-Kamchatskiy,RU,53.0452,158.6483,49.71,93,100,0.83,overcast clouds
678,Pinjaur,IN,30.7972,76.9172,80.42,78,87,5.41,overcast clouds
679,Owase,JP,34.0667,136.2,76.01,87,71,3.65,broken clouds
680,Marsabit,KE,2.3284,37.9899,76.12,34,99,22.41,overcast clouds
681,Mildura,AU,-34.2,142.15,51.76,100,90,3.44,light rain
682,Riyadh,SA,24.6877,46.7219,108.59,9,5,9.86,clear sky
683,Namibe,AO,-15.1961,12.1522,75.02,69,1,11.5,clear sky
684,Nizhniy Odes,RU,63.6445,54.856,57.49,94,100,9.22,overcast clouds
685,Laguna,US,38.421,-121.4238,81.1,71,1,7.0,clear sky
686,Simpang,ID,-1.2667,104.0833,79.56,76,99,1.74,light rain
687,Lufilufi,WS,-13.8745,-171.5986,79.79,73,80,17.45,broken clouds
688,Steubenville,US,40.3698,-80.634,73.56,55,18,1.01,few clouds
689,Uba,BR,-21.12,-42.9428,71.85,10,55,3.0,broken clouds
690,Darhan,MN,49.4867,105.9228,61.18,85,75,1.52,broken clouds
691,Haines Junction,CA,60.7522,-137.5108,53.92,65,9,0.69,clear sky
692,Ziway,ET,7.9333,38.7167,68.63,70,93,9.06,overcast clouds
693,Bairiki,KI,1.3292,172.9752,78.8,89,75,0.0,broken clouds
694,Boysun,UZ,38.2061,67.1986,78.01,24,0,3.18,clear sky
695,Reftinskiy,RU,57.0901,61.6769,68.4,96,100,0.16,light rain
696,Carauari,BR,-4.8828,-66.8958,82.58,33,63,3.83,broken clouds
697,Kokopo,PG,-4.352,152.2633,76.57,85,9,6.91,light rain
